test_accuracy,test_precision,test_recall,test_f1,test_roc_auc
0.907268528,0.994388758,0.868658092,0.927280859,0.873179793
0.893749287,0.996059502,0.847243171,0.915644102,0.853250044
0.920126611,0.997215011,0.88511815,0.937828779,0.891713027
0.935240105,0.94127743,0.965057818,0.953019301,0.963628117
0.843874758,0.827802531,0.973018267,0.894555399,0.943383632
